,Peak Intensity,Peak Energy Bin,Peak Energy In Bin,Mean Time,Std Time,Mean Energy,Std Energy,SNR,Rise Time,Decay Time,Duration,Centroid,Skewness,Kurtosis,Total Energy Released,Peak Time
1,1501.9127197265625,0.07624201107025147,4372.221383094788,0.221442461496589,0.13472548896035177,32.20107873504093,69.41433443397013,20.61953022773635,0.024,0.4535519967079162,0.4775519967079162,0.22689569361115158,0.1597676210586465,-1.2515922293309332,373693.51872015,0.03781801462173462
